category,question,answer
Post-Matric Scholarships Scheme,What is the objective of the scheme?,To increase the enrolment ratio of students in higher education.
Post-Matric Scholarships Scheme,What is the eligibility criteria?,"Students of Telangana State; within the age limit — Intermediate 24 years, Undergraduate 29 years, Postgraduate 34 years."
Post-Matric Scholarships Scheme,Who is eligible?,Those pursuing post-secondary courses in recognized institutions/universities/colleges.
Post-Matric Scholarships Scheme,What is the income limit?,Rs. 2.00 lakhs from all sources of the family.
Post-Matric Scholarships Scheme,Is any reservation applicable?,No.
Post-Matric Scholarships Scheme,Where to get the application form?,Online.
Post-Matric Scholarships Scheme,How to apply?,https://telanganaepass.cgg.gov.in
Post-Matric Scholarships Scheme,Who is the sanctioning authority?,Concerned District SC Development Officer.
Post-Matric Scholarships Scheme,What documents are required for scrutiny?,"Bonafide certificate of previous year, income & caste certificates from Mee-Seva, CET allotment orders (professional courses), bank passbook, Aadhaar card, educational qualification certificates."
Post-Matric Scholarships Scheme,Where to complain in case of grievance?,Concerned District SC Development Officer.
Post-Matric Scholarships Scheme,Why does a student need a bank account?,Every student must have an account in a nationalised scheduled bank to receive the scholarship.
Post-Matric Scholarships Scheme,How to change the registered bank account?,"Submit original bank documents to the concerned DSCDO, who submits a change request to the PMU."
Post-Matric Scholarships Scheme,What is the verification process?,(1) College verification — the Principal verifies the documents against the application and forwards it for departmental verification. (2) Scrutiny by the Welfare Officer — confirms the college verification before sanctioning.
Post-Matric Scholarships Scheme,How much reimbursement does a student get?,"Depends on the course — mostly 100% of tuition fee; for self-financed courses, a maximum of Rs. 20,000 or the actual fee, whichever is less."
Post-Matric Scholarships Scheme,Is a Telangana student studying in another state eligible?,"Yes, they can apply online."
Post-Matric Scholarships Scheme,"Can a student from another state, studying in Telangana, apply?","No, but they may consult the concerned DSCDO for clarification."
Post-Matric Scholarships Scheme,What if the bank account number is wrongly uploaded?,Re-upload the passbook at a Mee-Seva/internet centre; it is confirmed at the district login.
Post-Matric Scholarships Scheme,What if Aadhaar/Income/Caste certificate is rejected?,Re-upload it in e-PASS; it is confirmed at the district login.
Post-Matric Scholarships Scheme,What if other board (CBSE/ICSE/OSS) details aren't visible for a fresh application?,"Submit the original/Xerox SSC memo to the district office, which is scanned and forwarded to the PMU for confirmation."
Post-Matric Scholarships Scheme,What if RTF is not sanctioned?,Update the fee structure at the PMU; RTF will then be sanctioned.
Post-Matric Scholarships Scheme,What if MTF is not sanctioned to DAH boarders?,MTF is not sanctioned for students in Departmental Attached Hostels (Green Channel); the HWO maintains the hostel using the MTF amount.
Post-Matric Scholarships Scheme,What is an RTF differential sanction?,"If a student wrongly uploads course details, the option to edit is available at the PMU, and the differential amount is sanctioned as per allotment."
Post-Matric Scholarships Scheme,What should a discontinued student do to get a scholarship for the same level course?,Remit the previously sanctioned amount as a challan and update the district login before applying afresh.
Post-Matric Scholarships Scheme,What about students with a gap in studies?,Update the Gap/Bonafide or re-admission certificate from the university in e-PASS.
Post-Matric Scholarships Scheme,What does 'Fee Exempted' shown online mean?,It appears if the student fails to submit an income certificate at the time of counselling for verification.
Post-Matric Scholarships Scheme,What if CET details don't match CET data?,CET details must be verified and re-uploaded in e-PASS.
Post-Matric Scholarships Scheme,What if a day scholar wants to stay in the CAH?,The application and college bonafide must be verified and updated in e-PASS.
Post-Matric Scholarships Scheme,What if the MTF amount is released but not credited to the student's account?,"If the account is inoperative, the amount returns to e-Kuber; once the account is made operative, it is re-credited."
Post-Matric Scholarships Scheme,What if biometric Aadhaar authentication shows 'pending'?,The student must update their fingerprint at an Aadhaar centre.
Post-Matric Scholarships Scheme,What if the hard copy is not received by the district officer?,The barcode form with documents must be submitted at the district office by the college management.
Post-Matric Scholarships Scheme,How can I check my scholarship status?,By visiting https://telanganaepass.cgg.gov.in
Corporate College Scheme,What is the other name of the scheme?,Corporate College Scheme.
Corporate College Scheme,Is this a DRDA scheme?,"No, it is a Scheduled Castes Development Department scheme."
Corporate College Scheme,What is the main objective?,"To give meritorious poor SC/ST/BC/MW students access to quality Intermediate education in reputed private colleges, enabling them to compete in IIT-JEE/AIEEE/EAMCET for premier Medical & Engineering seats."
Corporate College Scheme,What is the eligibility criteria?,More than 7.0 GPA in SSC; category of school studied in; SC candidate; annual family income Rs. 2.00 lakhs.
Corporate College Scheme,Who is eligible?,"SC students native to Telangana who studied in Welfare Hostels, Ashram Schools, KGBVs, Govt./Municipal/ZP/Aided High Schools, Residential Schools, Jawahar Navodaya Vidyalayas, or Best Available Schools."
Corporate College Scheme,Are private-college students eligible?,No.
Corporate College Scheme,What is the income limit?,"SC: below Rs. 2.00 lakhs p.a. BC/MW/EBC: rural Rs. 1.50 lakhs, urban Rs. 2.00 lakhs p.a."
Corporate College Scheme,Can two persons from one family be eligible?,Yes.
Corporate College Scheme,What fee does the Government pay the college?,"Rs. 38,000 per student — Rs. 35,000 tuition fee + Rs. 3,000 pocket expenses per year."
Corporate College Scheme,What is the mode of payment of pocket expenses?,Direct benefit transfer to the student's bank account.
Corporate College Scheme,What does the tuition fee cover?,"Fee, books, material, mess and other maintenance charges."
Corporate College Scheme,Are selected students day scholars or residential?,Residential only.
Corporate College Scheme,How to apply?,Register online at telanganaepass.cgg.gov.in
Corporate College Scheme,What documents are required?,"SSC memo, 7 years' study certificate, income & caste certificates (Mee-Seva), Aadhaar, bank passbook copy, HWO certificate (if Govt. hostel student for 3 years), PHC certificate (if handicapped)."
Corporate College Scheme,"If a student studied Classes 1–5 in Andhra, are they eligible for 6–10 in Telangana?","Yes, since the last 4 of 7 years were in Telangana."
Corporate College Scheme,"If a student studied Classes 1–5 in Telangana, are they eligible for 6–10 in Andhra to apply under this Telangana scheme?","No, since the last 4 of 7 years were in Andhra."
Corporate College Scheme,What is the web portal?,https://telanganaepass.cgg.gov.in — click Corporate Admissions.
Corporate College Scheme,How many colleges are under this scheme?,41 colleges across Telangana.
Corporate College Scheme,Where is the list of colleges available?,In e-PASS under Corporate Admissions → List of Colleges under Corporate Scheme.
Corporate College Scheme,What is the department-wise seat allocation?,"SCDD 50%, Tribal Welfare 25%, Backward Classes 20%, Minorities Welfare 5% (may vary in agency areas)."
Corporate College Scheme,Is there reservation for boys/girls?,"Yes — 60% for girls, 40% for boys."
Corporate College Scheme,Is there reservation for the handicapped?,At least 3% against each quota.
Corporate College Scheme,What is the category-wise selection mode?,CAT-I: Welfare hostels/Ashram schools/KGBVs 50%. CAT-II: Govt./Municipal/ZP/Aided High Schools 25%. CAT-III: Govt./Welfare Residential Schools & JNVs 20%. CAT-IV: Best Available Schools 5%.
Corporate College Scheme,Is there publicity inviting applications?,"Yes, a press note is issued in Telugu daily newspapers."
Corporate College Scheme,On what basis are seats allotted?,"Merit, in a transparent manner, based on options exercised and seat availability."
Corporate College Scheme,Can a student from one district opt for another district?,"Yes, any identified college across the state."
Corporate College Scheme,Can a student change college after allotment?,No changes are permitted after allotment.
Corporate College Scheme,Can a student edit college/location choice after registration?,Yes.
Corporate College Scheme,How does a student know their selection status?,Via e-PASS Corporate Admissions; also an SMS is sent to the registered mobile and the DSCDO office calls to attend certificate verification.
Corporate College Scheme,Is selection manual or online?,Online.
Corporate College Scheme,Who conducts selection — District Collector or HOD?,Head of the Department at Hyderabad.
Corporate College Scheme,Where does the student report after allotment?,"For certificate verification at the district office, per published schedule."
Corporate College Scheme,What documents are needed for certificate verification?,"Original SSC memo, 7 years' study certificate, income & caste certificates, Aadhaar, bank passbook, HWO certificate, PHC certificate (if applicable)."
Corporate College Scheme,Is certificate verification done in Hyderabad?,"No — selection is at Hyderabad, but certificate verification is at the respective district as per nativity."
Corporate College Scheme,Is there a random check before finalizing the selection list?,"Yes, enabled at JD/DD/DSCDO logins to catch category/merit errors."
Corporate College Scheme,Where does a student attend verification if selected for a Hyderabad college but native to another district?,Their native district.
Corporate College Scheme,Which department issues allotment orders?,Joint Director / Deputy Director / District SC Development Officer of the respective district.
Corporate College Scheme,"If a selected student misses the notified date, is the allotment cancelled?","No, 1–2 days' grace is given before it is cancelled."
Corporate College Scheme,How many selection phases are there?,As per seat availability — Phase I to Phase V etc.
Corporate College Scheme,Can boys' vacant seats be converted for eligible girls?,Yes.
Corporate College Scheme,Can vacant seats in one category be given to another category on merit?,Yes.
Corporate College Scheme,What is the next step after getting the allotment order?,Join the allotted college with the order issued by the DSCDO.
Corporate College Scheme,How to get the scholarship after joining?,Register in e-PASS in coordination with the College Principal.
Corporate College Scheme,How to check scholarship status?,Via the e-PASS website.
Corporate College Scheme,Where to approach if the scholarship is not sanctioned?,The respective departmental officer of the concerned district.
Corporate College Scheme,Is an attendance certificate required?,"Yes, the college furnishes it."
Corporate College Scheme,What attendance percentage is required?,75%.
Corporate College Scheme,Who are the respective departmental officers?,SC → JD/DD/DSCDO; ST → District Tribal Development Officer/DD; BC → District BC Development Officer; Minority → District Minority Development Officer.
Corporate College Scheme,Are scheme students segregated into separate sections?,"No — they are treated on par with others; discrimination invites severe action against the college, including stoppage of the scheme."
Corporate College Scheme,Where to approach for problems after admission?,The nearest District SC Development Officer.
Corporate College Scheme,Is academic performance tracked?,"Yes, the college maintains it on e-PASS."
Corporate College Scheme,How is tuition fee paid — one or two instalments?,Two instalments in year one; year two is subject to passing all subjects in year one.
Corporate College Scheme,Is admission given to Inter 2nd-year students?,No.
Corporate College Scheme,What are the requirements for colleges to be selected?,"Good infrastructure, sufficient residential accommodation, a track record of >90% pass with ≥50% first class/distinctions, success in IIT-JEE/AIEEE/EAMCET, experienced faculty."
Corporate College Scheme,Is there a District Selection Committee for colleges?,"Yes — District Collector (Chairman), Project Officer ITDA, DRDO, DSCDO (Convener), DTDO, DBCDO, DMDO, District Welfare Officer, Regional Inspecting Officer (BIE), and a Zilla Samakya education sub-committee member."
Corporate College Scheme,How are colleges selected?,The District Selection Committee visits registered colleges and selects those meeting the norms.
Corporate College Scheme,Do selected students get hostel facilities?,Yes.
Corporate College Scheme,Is only Intermediate education provided?,No — Intermediate education plus IIT-JEE/AIEEE/EAMCET coaching.
Corporate College Scheme,Toll-free number for details?,e-PASS toll-free number 7331130943.
Financial Aid to SC Advocates,Who calls for applications?,The District Collector.
Financial Aid to SC Advocates,How are applications called for?,Notification in district edition newspapers.
Financial Aid to SC Advocates,How/where to apply?,"Online, via https://telanganaepass.cgg.gov.in"
Financial Aid to SC Advocates,Where to get the application form?,Office of the erstwhile District SC Development Officer.
Financial Aid to SC Advocates,How many seats per district?,8 seats per erstwhile district.
Financial Aid to SC Advocates,How are candidates selected?,SC Law Graduates are appointed through the District Collector.
Financial Aid to SC Advocates,What if more than 8 applications are received?,An interview is held by a District Level Committee.
Financial Aid to SC Advocates,Is there a selection committee?,"Yes — District Collector (Chairman), Sessions Judge, Joint Collector (members), DSCDO (Convener)."
Financial Aid to SC Advocates,Where are selected candidates trained?,"Attached to Government Pleaders, Public Prosecutors, Assistant Public Prosecutors, etc."
Financial Aid to SC Advocates,How is the stipend sanctioned?,Based on an attendance certificate from the attached law officer.
Financial Aid to SC Advocates,How much stipend is paid?,"Rs. 1,000 per month."
Financial Aid to SC Advocates,What is the sanction procedure?,"Candidate details registered in e-PASS; on receipt of the attendance certificate, a bill is prepared to credit the stipend to the candidate's bank account."
Financial Aid to SC Advocates,How much is sanctioned for books/furniture?,"Rs. 6,000, as a one-time grant."
Financial Aid to SC Advocates,What is the training duration split?,18 months in criminal law and 18 months in civil law (36 months total).
Financial Aid to SC Advocates,What is the objective of the scheme?,"Training SC law graduates in the administration of justice, with a view to future employment."
Financial Aid to SC Advocates,What is the eligibility criteria?,Should be a law graduate and enrolled with the Bar Council.
Financial Aid to SC Advocates,Who is eligible?,Candidates belonging to SC category.
Financial Aid to SC Advocates,Are converted-Christian candidates eligible?,Only if converted from an SC community.
Financial Aid to SC Advocates,Is any reservation applicable?,No.
Financial Aid to SC Advocates,What is the income limit?,Rs. 2.00 lakhs per annum.
Financial Aid to SC Advocates,Is there an age limit?,Below 36 years.
Financial Aid to SC Advocates,Who is the sanctioning authority?,District SC Development Department.
Financial Aid to SC Advocates,What certificates are required?,"Law degree certificate, income & caste certificates, Bar Council registration, Aadhaar, bank account."
Financial Aid to SC Advocates,Can more than one candidate from a family be selected?,"Yes, no restriction."
Financial Aid to SC Advocates,Is an acquittance needed for furniture purchase?,"Yes, purchase bills serve as acquittance."
Financial Aid to SC Advocates,Are candidates from other districts eligible?,Only with a nativity certificate for that district.
Financial Aid to SC Advocates,Can a trainee work under a senior advocate during training?,Yes.
Financial Aid to SC Advocates,Is there a limit on candidates attached to one law officer?,No limit.
Financial Aid to SC Advocates,What is the total training duration?,36 months.
Financial Aid to SC Advocates,Can a candidate reapply a second time?,"No, only once."
Financial Aid to SC Advocates,Can a selected candidate apply for another scholarship during training?,No.
Financial Aid to SC Advocates,Can a candidate who discontinued reapply the next year?,No.
Financial Aid to SC Advocates,Is accommodation provided?,"No, only the stipend."
Financial Aid to SC Advocates,Is employment preference given after training?,No.
Financial Aid to SC Advocates,Are seats reserved by gender?,No.
Financial Aid to SC Advocates,Is placement assistance provided?,No.
Financial Aid to SC Advocates,Is a completion certificate given?,No.
Ambedkar Overseas Vidya Nidhi,What is AOVN?,Ambedkar Overseas Vidya Nidhi — a scheme for students pursuing master's studies abroad.
Ambedkar Overseas Vidya Nidhi,How to apply?,Register on the Telangana e-PASS portal under Ambedkar Overseas.
Ambedkar Overseas Vidya Nidhi,Application portal?,https://telanganaepass.cgg.gov.in
Ambedkar Overseas Vidya Nidhi,Who is eligible?,A student who completed graduation with 60% marks.
Ambedkar Overseas Vidya Nidhi,What is the income limit?,Overall family income below Rs. 5.00 lakhs.
Ambedkar Overseas Vidya Nidhi,What happens after applying?,"The applicant/parent should approach the District Officer; if not, the district team calls/emails. Social status is field-verified and reported to the HOD; pre-verification by the Commissioner's office; then selection by the State Level Screening Committee (SLSC)."
Ambedkar Overseas Vidya Nidhi,How many family members can avail this?,Only one child per family.
Ambedkar Overseas Vidya Nidhi,What documents are required?,Degree long memo; unconditional offer letter/I-20; valid score (GRE 260 / IELTS 6.0 / TOEFL 60 / GMAT 500 / PTE 50); passport with approved VISA (preferred before applying).
Ambedkar Overseas Vidya Nidhi,What if the applicant is earning after studies?,Submit an income certificate and Form-16 for every financial year.
Ambedkar Overseas Vidya Nidhi,What if there is a study gap of 1–6 years?,Submit a Gap Certificate issued by the MRO.
Ambedkar Overseas Vidya Nidhi,What if there was a gap with no employment?,Submit the Gap Certificate and a No-Earning Certificate from the Revenue Department.
Ambedkar Overseas Vidya Nidhi,What is the age criteria?,Not exceeding 35 years as on 1st July of the advertisement year.
Ambedkar Overseas Vidya Nidhi,How much is sanctioned?,"Up to Rs. 20 lakhs (or actual I-20 amount, whichever is less); one-way flight up to Rs. 50,000; VISA fee up to Rs. 50,000."
Ambedkar Overseas Vidya Nidhi,Is a hard copy required after online registration?,"Yes — one original + one attested Xerox set, per the checklist, submitted to the District Officer."
Ambedkar Overseas Vidya Nidhi,Will the Government pay university fees in advance?,No — the applicant pays fees first; the process for scholarship sanction starts after admission is confirmed.
Ambedkar Overseas Vidya Nidhi,Where is the amount credited?,Only to the student's own savings account in a nationalized bank (Jan Dhan/scholarship accounts are not accepted for large amounts).
Ambedkar Overseas Vidya Nidhi,How does the district officer sanction the amount?,"After SLSC selection, the Commissioner (SCDD) instructs the District Officer; flight & VISA charges (up to Rs. 50,000) sanctioned first; after landing, boarding pass/I-94/university ID/fee receipt uploaded for the 1st instalment of Rs. 10 lakhs; 2nd instalment of Rs. 10 lakhs after submitting 1st semester results and a utilization certificate."
Ambedkar Overseas Vidya Nidhi,Which countries are eligible?,"USA, Canada, Germany, France, UK, Singapore, Japan, South Korea, Australia, New Zealand (top 10 universities)."
Ambedkar Overseas Vidya Nidhi,What is the minimum course duration?,18 to 36 months.
Ambedkar Overseas Vidya Nidhi,Are candidates who already completed PG eligible?,"No, but they are eligible to pursue a Ph.D. abroad."
Ambedkar Overseas Vidya Nidhi,Is there separate financial assistance for a Degree abroad?,No.
Ambedkar Overseas Vidya Nidhi,Is there an education loan facility?,"Yes, up to Rs. 5.00 lakhs from a nationalized bank at the prevailing interest rate, as per G.O.Ms.No.54."
Ambedkar Overseas Vidya Nidhi,Is coaching provided for GRE/IELTS/TOEFL/PTE/GMAT?,Yes.
Ambedkar Overseas Vidya Nidhi,Is a Duolingo score card accepted?,"No, not included as per G.O.Ms.No.54."
Ambedkar Overseas Vidya Nidhi,Must all entrance tests (GRE/IELTS/TOEFL/PTE/GMAT) be taken?,"No, only the one required by the target university."
Ambedkar Overseas Vidya Nidhi,Is a student eligible if they started working after graduation and earn above Rs. 5 lakhs?,"No, not eligible."
Ambedkar Overseas Vidya Nidhi,"Will the Government pay flight charges above Rs. 50,000?","No, capped at Rs. 50,000 or actual, whichever is less (per G.O.Ms.No.2, dt. 05-02-2021)."
Ambedkar Overseas Vidya Nidhi,Will the Government pay the full tuition/living cost if it is Rs. 25–40 lakhs?,"No, only up to Rs. 20 lakhs is sanctioned."
Ambedkar Overseas Vidya Nidhi,"If tuition/living cost is only Rs. 15–18 lakhs, is the full Rs. 20 lakhs still sanctioned?","No, only the amount shown in I-20, up to Rs. 20 lakhs."
Ambedkar Overseas Vidya Nidhi,"If parents are deceased and a relative supports the student, is the student eligible?",Submit the parents' death certificate and the guardian's income certificate.
Ambedkar Overseas Vidya Nidhi,"If parents are deceased and the student works, are they eligible?",Submit an income certificate.
Ambedkar Overseas Vidya Nidhi,"If the father is deceased, whose income certificate is submitted?",The mother's.
Ambedkar Overseas Vidya Nidhi,"If parents are separated, whose income certificate is required?",Whichever parent the student lives with.
Ambedkar Overseas Vidya Nidhi,"If parents are divorced, whose income certificate is required?",Whichever parent the student lives with.
Ambedkar Overseas Vidya Nidhi,If the father cannot work due to health issues and the mother works as domestic help?,Submit her income certificate.
Ambedkar Overseas Vidya Nidhi,If the father is deceased and the mother works as domestic help?,Submit whatever income certificate reflects her income source.
Ambedkar Overseas Vidya Nidhi,"If the applicant is married, whose caste certificate is required?",As mentioned in the parents' SSC/Inter/Degree records.
Ambedkar Overseas Vidya Nidhi,"If married, whose income certificate is required?",The spouse's.
Ambedkar Overseas Vidya Nidhi,"If married and both spouses work, whose income is considered?",Both — submit both income certificates and Form-16 for each year worked.
Ambedkar Overseas Vidya Nidhi,"If married, both working, and combined income is Rs. 5.50 lakhs, is the applicant eligible?",No — the limit is Rs. 5.00 lakhs.
Skill Up-gradation Programme,What is the Skill Up-gradation Programme?,Free coaching for SC & ST students in eligibility tests for admission to foreign universities.
Skill Up-gradation Programme,Who is eligible?,SC/ST graduates with above 60% marks.
Skill Up-gradation Programme,Which courses are covered?,"IELTS, PTE, TOEFL, GRE, GMAT."
Skill Up-gradation Programme,Where are the coaching institutions located?,All empanelled institutes are in Hyderabad.
Skill Up-gradation Programme,Can a student from a remote area apply?,Yes.
Skill Up-gradation Programme,Is online training available?,"No, currently offline only."
Skill Up-gradation Programme,Is accommodation provided?,No.
Skill Up-gradation Programme,What documents are required?,"Photo, caste/income certificates (Mee-Seva), bonafide certificate, ration card, SSC certificate, Aadhaar, TC, bank passbook (1st page), residence certificate, scanned latest marks memos."
Skill Up-gradation Programme,Can one apply for multiple courses?,"Yes, up to 2 courses at the same institute, not across different institutes."
Skill Up-gradation Programme,Can a student change the training institute?,"Yes, once only."
Skill Up-gradation Programme,What is the training duration?,"60 days, sessions of 1.5 hours."
Skill Up-gradation Programme,Can more than one family member apply?,"No, only one per family."
Skill Up-gradation Programme,Who pays the exam and VISA fees?,The student.
Skill Up-gradation Programme,Is the Rs. 20 lakh scholarship guaranteed on completion of coaching?,"No, it depends on the Selection Committee."
Skill Up-gradation Programme,What is the income limit?,Below Rs. 5.00 lakhs per annum.
Skill Up-gradation Programme,Is a non-recent pass-out eligible?,"Yes, with a Gap Certificate."
Skill Up-gradation Programme,Is technical support available for e-PASS issues?,Yes.
Skill Up-gradation Programme,Can a 3rd-year graduation student take coaching?,Yes.
Skill Up-gradation Programme,Can a 2nd-year student take GRE & IELTS coaching?,"Yes — GRE in 2nd year, and IELTS/PTE/TOEFL in 3rd year is suggested."
Skill Up-gradation Programme,Is Duolingo coaching provided?,"No, not currently prescribed."
Skill Up-gradation Programme,Can a 4th-year Engineering student take coaching?,Yes.
Skill Up-gradation Programme,Is a certificate given after coaching?,Depends on the empanelled institute; check before joining.
Skill Up-gradation Programme,Is regular attendance mandatory?,Yes.
Skill Up-gradation Programme,Who conducts the final test?,The certification body/coaching institute.
Skill Up-gradation Programme,Can a student switch from offline to online mid-course?,Generally the online option is not available.
Skill Up-gradation Programme,Is study material provided?,"Yes, by empanelled institutes."
Skill Up-gradation Programme,Can a student take different courses at different institutes?,"Generally not advisable, except in cases of transfer (relocation, medical, etc.)."
Skill Up-gradation Programme,Can the course duration be shortened?,Not advisable — minimum instruction hours are prescribed for better scores.
Skill Up-gradation Programme,Can a discontinued student rejoin later?,Advised to complete in one go; extraordinary cases need department approval.
Skill Up-gradation Programme,Can a working professional join?,"Yes, if below 35 years and planning higher education abroad."
Skill Up-gradation Programme,Can a married couple both take coaching?,"Yes, if both belong to SC and are below 35 years."
Pre-Matric Scholarship,What is Pre-Matric Scholarship?,"Scholarship for students in Govt./Govt.-aided schools, Classes V–VIII (New Scheme) and IX–X (Rajiv Vidya Deevena)."
Pre-Matric Scholarship,Where to apply?,Only online at www.telanganaepass.cgg.gov.in
Pre-Matric Scholarship,Can a student get both a national and state-level scholarship?,No — not eligible if receiving any other scholarship.
Pre-Matric Scholarship,How much is the scholarship?,"Classes V–VIII: Rs. 1,000 (boys), Rs. 1,500 (girls). Classes IX–X: Rs. 3,000 for both."
Pre-Matric Scholarship,When can I apply?,Registrations generally open in September/October each academic year.
Pre-Matric Scholarship,What documents are required?,"Aadhaar-linked bank account (joint if minor), Aadhaar card, caste certificate (Mee-Seva only), income certificate (Mee-Seva only), study certificate, passport photo."
Pre-Matric Scholarship,What is the application process?,"Register online, submit hard copy with certificates to the Head Master for verification, who forwards it (via the local HWO) to the District Office for sanction."
Pre-Matric Scholarship,What is the eligibility criteria?,SC category; studying in a Govt./Govt.-aided school; parental income below Rs. 2.00 lakhs; Aadhaar; regular student.
Pre-Matric Scholarship,Can I get the scholarship twice for a repeated class?,"No, only once per class."
Pre-Matric Scholarship,Are private-school students eligible?,No — only Govt./local-body/Govt.-aided school students.
Pre-Matric Scholarship,How do I know if my application is registered?,Via application status on the e-PASS Pre-Matric Scholarship Services section.
Pre-Matric Scholarship,How can I check my scholarship status?,Same section on the e-PASS home page.
Pre-Matric Scholarship,How can I print my application form?,Pre-Matric Scholarship Services → Print Application → enter details → Print.
Pre-Matric Scholarship,Which bank accounts are accepted?,Only nationalized bank accounts in India.
Pre-Matric Scholarship,Must the account be Aadhaar-linked?,"Yes, done by the bank manager on submitting the Aadhaar card."
Pre-Matric Scholarship,Can a parent's bank account be used?,The account must be in the student's name; a joint account with a parent/guardian is accepted if the student is a minor.
Pre-Matric Scholarship,Is a joint account accepted otherwise?,Only for minors.
Pre-Matric Scholarship,How do I know the amount is credited?,Check the status — 'Sent to Treasury' means it will be credited within a few days.
Pre-Matric Scholarship,Is a ration card required?,"Not for upload, but its number must be entered in the application."
Pre-Matric Scholarship,Can a disabled SC student get both SC and disabled scholarships?,"No, they receive the PWD scholarship."
Pre-Matric Scholarship,Can hostel students apply?,Yes — day scholars get it in their own account; hostellers' amount is credited to the HWO's account.
Pre-Matric Scholarship,Is Aadhaar mandatory?,"Yes, along with an Aadhaar-linked bank account."
Pre-Matric Scholarship,What is the income limit?,Rs. 2.00 lakhs per annum.
Pre-Matric Scholarship,Is the scholarship merit-based?,No.
Pre-Matric Scholarship,Is renewal automatic?,No — renewal registration must be applied for each academic year.
Pre-Matric Scholarship,Who is the sanctioning officer?,The concerned District SC Development Officer.
Pre-Matric Scholarship,Can I edit application details after registration?,"Yes, Aadhaar/bank details can be re-uploaded; other edits are available at the district office."
Pre-Matric Scholarship,How do I know if a scholarship is accepted or rejected?,Check the status — 'sanctioned' means accepted.
Pre-Matric Scholarship,What if incorrect bank/IFSC details were submitted?,Re-upload the bank details or contact the district officer.
Pre-Matric Scholarship,How can I re-upload rejected Aadhaar details?,Via the Pre-Matric Scholarship Services section on e-PASS.
Pre-Matric Scholarship,What documents accompany the hard copy?,"Head Master's covering letter, application form, Aadhaar-linked bank passbook copy, Aadhaar card copy, caste & income certificates (Mee-Seva), study/bonafide certificate."
Pre-Matric Scholarship,Where is the hard copy submitted?,"To the Head Master, who forwards it via the HWO to the DSCDO office."
Pre-Matric Scholarship,How long after submitting the hard copy will the amount be credited?,Depends on budget availability; contact the District Officer for status.
Pre-Matric Scholarship,What are common reasons for rejection?,Receiving another scholarship; not a bonafide student; income above the limit; irregular attendance; discontinued study; incorrect details; missing hard copy.
Pre-Matric Scholarship,What if my school is not listed on e-PASS?,The Head Master should consult the District Officer for registration with UDISE code details.
Pre-Matric Scholarship,Is a previous- or current-year study certificate required?,Must have passed the previous year and submit the current-year study/bonafide certificate.
Pre-Matric Scholarship,Status shows 'sent to treasury' but no credit — what now?,It will be credited in a few days; contact the District Officer for details.
Hyderabad Public Schools (HPS),What is HPS?,"A scheme providing SC students admission to Hyderabad Public Schools, Begumpet & Ramanthapur."
Hyderabad Public Schools (HPS),What is the objective?,To provide 100% quality education on par with general students in a prestigious school.
Hyderabad Public Schools (HPS),Eligibility criteria?,SC students seeking admission to Class I.
Hyderabad Public Schools (HPS),Age limit?,"5+ years, not more than 6 years, as on 31st May of the academic year."
Hyderabad Public Schools (HPS),What is the income limit?,Below Rs. 1.50 lakhs p.a. (rural) / Rs. 2.00 lakhs p.a. (urban).
Hyderabad Public Schools (HPS),Is reservation applicable?,Yes — 15% of Class I seats at each school.
Hyderabad Public Schools (HPS),How many children per family are eligible?,Two.
Hyderabad Public Schools (HPS),Where to get the application form?,From the District SC Development Officer.
Hyderabad Public Schools (HPS),What is the benefit amount?,"Tuition fee of Rs. 90,000 to Rs. 2,00,000 p.a. for day-scholars and hostellers, Class I to XII."
Hyderabad Public Schools (HPS),How to apply?,Register at the DSCDO office after a local newspaper notification.
Hyderabad Public Schools (HPS),Online or manual?,Manual application; scholarship sanctioned online.
Hyderabad Public Schools (HPS),Web portal?,https://telanganaepass.cgg.gov.in
Hyderabad Public Schools (HPS),Sanctioning authority?,"Commissioner (SCDD), Hyderabad."
Hyderabad Public Schools (HPS),Who scrutinizes the application?,"The DSCDO, with reference to caste, income, and date-of-birth certificates."
Hyderabad Public Schools (HPS),What is the sanction procedure?,HPS Principals inform the Commissioner (SCDD) that admissions are open; Commissioner instructs the District Collector to notify locally; DSCDO calls for applications up to the allotted seats.
Hyderabad Public Schools (HPS),How are students selected?,"By draw/lottery for Class I admission, conducted by the District Collector/DSCDO."
Hyderabad Public Schools (HPS),What does the district officer do next?,"Sends selected candidates' applications to the Commissioner (SCDD), with social status verification, for a medical test."
Hyderabad Public Schools (HPS),Is a medical test mandatory?,Yes; unfit candidates are denied admission.
Hyderabad Public Schools (HPS),How is the scholarship sanctioned?,The HPS Principal registers the admitted student in e-PASS and forwards it to the DSCDO for sanction.
Hyderabad Public Schools (HPS),Where is the amount credited?,Directly to the school's bank account through e-PASS.
Hyderabad Public Schools (HPS),Where to complain in case of grievance?,District SC Development Officer / Commissioner (SCDD).
Hyderabad Public Schools (HPS),What follow-up action is taken after sanction?,Maintain remittance/challan records and budget & reconciliation figures.
Hyderabad Public Schools (HPS),Can scholarship status be checked online?,No provision in e-PASS for this.
Hyderabad Public Schools (HPS),Is there accommodation for SC-sponsored students from districts?,No.
Hyderabad Public Schools (HPS),Is uniform provided for male students beyond the tuition fee?,"Yes — Rs. 1,500 credited directly to the student account."
Hyderabad Public Schools (HPS),Is uniform provided for female students beyond the tuition fee?,No.
Hyderabad Public Schools (HPS),Is a maintenance charge given to female students?,"Yes — Rs. 10,750 per year, credited directly."
Hyderabad Public Schools (HPS),Can seats be enhanced from 2 to 10 in Hyderabad District?,No — only 2 seats were allotted to HPS Begumpet after Telangana's formation.
Hyderabad Public Schools (HPS),Is tutor facility provided to SC-sponsored students?,No.
Hyderabad Public Schools (HPS),Are children admitted under the general quota eligible for scholarships?,Yes.
Best Available School Scheme,Is BAS a DRDA scheme?,"No, it is an SC Development Department scheme."
Best Available School Scheme,What is the main objective?,To provide poor SC students access to quality education in private schools.
Best Available School Scheme,For which classes are admissions taken?,1st and 5th class.
Best Available School Scheme,Is the scheme residential or non-residential?,Non-residential from Class 1; Residential from Class 5.
Best Available School Scheme,Who is eligible?,SC students native of Telangana.
Best Available School Scheme,What is the income limit?,"Below Rs. 2,00,000 p.a. (urban) / Rs. 1,50,000 p.a. (rural)."
Best Available School Scheme,What is the fee for the Non-Residential scheme?,"Rs. 28,000 per student."
Best Available School Scheme,What is the fee for the Residential scheme?,"Rs. 42,000 per student."
Best Available School Scheme,What does the Non-Residential fee cover?,"Tuition, extra-curricular activities, uniforms, textbooks/notebooks, up to Class 10."
Best Available School Scheme,What does the Residential fee cover?,"Same as above, plus hostel fees, up to Class 10."
Best Available School Scheme,Are selected students day scholars or residential?,"Both, depending on the class of admission."
Best Available School Scheme,How to apply?,"Manually, at the concerned Assistant Social Welfare Officer's (ASWO) office."
Best Available School Scheme,What documents are required for Class 1?,"Date of birth, income & caste certificates, residence certificate (Mee-Seva), Aadhaar, ration card."
Best Available School Scheme,Which schools are covered?,Private schools with quality staff/facilities such as computer and science labs.
Best Available School Scheme,Where is the list of schools available?,At every District SC Development Office (DSCDO).
Best Available School Scheme,How many seats per district?,As per the district's SC population percentage.
Best Available School Scheme,Is there reservation for boys and girls?,"Yes — 33% for girls, 68% general quota."
Best Available School Scheme,Is there reservation for orphans?,No.
Best Available School Scheme,How are schools selected?,By a District Level Committee (DLC).
Best Available School Scheme,What is the composition of the DLC?,"District Collector (Chairman), DSCDO (Member/Convener), District Educational Officer (Member), Convener/Principal APSWRJC (Member)."
Best Available School Scheme,How are students selected/allotted seats?,By lottery in a transparent box.
Best Available School Scheme,Can a student opt for a school in another district?,"No, only within their own district."
Best Available School Scheme,Can a student change schools after allotment?,No.
Best Available School Scheme,Is selection manual or online?,Manual.
Best Available School Scheme,Who conducts selection?,The District Level Committee.
Best Available School Scheme,Where does the student go after allotment?,No need — the ASWO visits the village for certificate and social-status verification.
Best Available School Scheme,When is the allotment order received?,Issued by the DSCDO after selection.
"Hostels — Admission, Facilities, Study, Menu, Health & Other Activities",How many types of hostels are there?,Two — Pre-matric and Post-matric.
"Hostels — Admission, Facilities, Study, Menu, Health & Other Activities",How to approach for hostel admission?,The District Officer / Assistant Social Welfare Officer / Hostel Welfare Officer.
"Hostels — Admission, Facilities, Study, Menu, Health & Other Activities",Which classes have admissions?,3rd to 10th class.
"Hostels — Admission, Facilities, Study, Menu, Health & Other Activities",Is there a qualifying exam?,"No, direct admission."
"Hostels — Admission, Facilities, Study, Menu, Health & Other Activities",Is a caste certificate compulsory?,Yes.
"Hostels — Admission, Facilities, Study, Menu, Health & Other Activities",Are boys' and girls' hostels separate?,"Yes, for both pre- and post-matric."
"Hostels — Admission, Facilities, Study, Menu, Health & Other Activities",Who is eligible for hostel admission?,"As per the Government caste ratio, among enrolled students."
"Hostels — Admission, Facilities, Study, Menu, Health & Other Activities",What is the caste ratio in SC Development hostels?,"SC 75%, BC 12%, ST 6%, Christian-converted SCs 2%, Minorities 3%, OC/EBC 2%."
"Hostels — Admission, Facilities, Study, Menu, Health & Other Activities",Is any fee charged for admission?,No.
"Hostels — Admission, Facilities, Study, Menu, Health & Other Activities",What is the income limit?,"Rural: Rs. 1,00,000; Urban: below Rs. 2,00,000."
"Hostels — Admission, Facilities, Study, Menu, Health & Other Activities",What documents are required?,"Caste & income certificates, two photos, Aadhaar card, study certificates (TC & bonafide), residence certificate."
"Hostels — Admission, Facilities, Study, Menu, Health & Other Activities",How to get caste and income certificates?,"Through Mee-Seva, issued by the concerned MRO."
"Hostels — Admission, Facilities, Study, Menu, Health & Other Activities",What is the distance criteria for eligibility?,Above 5 km from hostel to home.
"Hostels — Admission, Facilities, Study, Menu, Health & Other Activities",How long does admission take?,Same day.
"Hostels — Admission, Facilities, Study, Menu, Health & Other Activities",Is there a helpline?,Contact the Hostel Welfare Officer.
"Hostels — Admission, Facilities, Study, Menu, Health & Other Activities",Are private-school students eligible?,Yes.
"Hostels — Admission, Facilities, Study, Menu, Health & Other Activities",Is there a hostel for orphans/semi-orphans?,"Yes, Victoria Memorial Home."
"Hostels — Admission, Facilities, Study, Menu, Health & Other Activities",What are the HWO's timings?,"6:00–9:00 AM, 1:00–2:00 PM, 5:00–9:00 PM."
"Hostels — Admission, Facilities, Study, Menu, Health & Other Activities",How many staff are at each hostel?,"4 — HWO, Cook, Kamati, Watchman."
"Hostels — Admission, Facilities, Study, Menu, Health & Other Activities",How to get admission to college hostels?,Through e-PASS.
"Hostels — Admission, Facilities, Study, Menu, Health & Other Activities",Are food and boarding facilities provided?,Yes.
"Hostels — Admission, Facilities, Study, Menu, Health & Other Activities",What extra facilities are given?,"Trunk boxes, bunker beds, pillows, woollen blankets, sweaters, carpets, school bag, tiffin boxes, etc."
"Hostels — Admission, Facilities, Study, Menu, Health & Other Activities",Are school uniforms provided?,"Yes, two pairs."
"Hostels — Admission, Facilities, Study, Menu, Health & Other Activities",How many pairs of dresses are given?,"4 pairs — one civil dress, one night dress, two school uniforms."
"Hostels — Admission, Facilities, Study, Menu, Health & Other Activities",Is study material provided?,"Yes, notebooks and special study material for SSC boarders."
"Hostels — Admission, Facilities, Study, Menu, Health & Other Activities",Are textbooks provided?,No.
"Hostels — Admission, Facilities, Study, Menu, Health & Other Activities",What special material is given to SSC students?,"Geometry box, pens, pencils and a watch."
"Hostels — Admission, Facilities, Study, Menu, Health & Other Activities",Is personal-use money given?,Cosmetic amount for pre-matric boarders; pocket money for post-matric boarders.
"Hostels — Admission, Facilities, Study, Menu, Health & Other Activities",How much cosmetic amount is given?,"Rs. 62/month (boys); girls: Rs. 55/month up to Class 7, Rs. 75/month for Class 8–10."
"Hostels — Admission, Facilities, Study, Menu, Health & Other Activities",Is there a library facility?,"Yes, in most hostels, space permitting."
"Hostels — Admission, Facilities, Study, Menu, Health & Other Activities",What is the hostel capacity for boys/girls?,"100 boarders per hostel, per Government norms."
"Hostels — Admission, Facilities, Study, Menu, Health & Other Activities",Are study hours held?,"Yes, as per a study chart plus special classes for 10th class in 4 subjects."
"Hostels — Admission, Facilities, Study, Menu, Health & Other Activities",How many study hours daily?,4 to 5 hours.
"Hostels — Admission, Facilities, Study, Menu, Health & Other Activities",Are tutors available?,"Yes — 4 tutors in special hostels, 3 in general hostels."
"Hostels — Admission, Facilities, Study, Menu, Health & Other Activities",What is the tutors' qualification?,Degree with B.Ed/D.Ed.
"Hostels — Admission, Facilities, Study, Menu, Health & Other Activities",Are special classes held for weak students?,"Yes, remedial teaching is provided."
"Hostels — Admission, Facilities, Study, Menu, Health & Other Activities",Are special SSC classes held?,"Yes, daily, by approved tutors."
"Hostels — Admission, Facilities, Study, Menu, Health & Other Activities",Which subjects get tuition?,"English, Maths, Hindi & Social."
"Hostels — Admission, Facilities, Study, Menu, Health & Other Activities",Are tests/exams conducted?,"Yes, a weekly test in all subjects."
"Hostels — Admission, Facilities, Study, Menu, Health & Other Activities",Are skill courses conducted?,"Yes, computer classes for skill development."
"Hostels — Admission, Facilities, Study, Menu, Health & Other Activities",What kind of food is served?,As per the menu chart approved by the District Collector.
"Hostels — Admission, Facilities, Study, Menu, Health & Other Activities",How many meals a day?,"Twice daily, three times on holidays."
"Hostels — Admission, Facilities, Study, Menu, Health & Other Activities",Are special meals provided?,"Yes, on national festivals and Sundays."
"Hostels — Admission, Facilities, Study, Menu, Health & Other Activities",Is non-veg food served?,"Yes, once weekly (chicken) on Sunday."
"Hostels — Admission, Facilities, Study, Menu, Health & Other Activities",What medical facilities are there?,A first-aid kit is provided in all hostels.
"Hostels — Admission, Facilities, Study, Menu, Health & Other Activities",Are there doctor visits?,"Yes, a monthly health camp by PHC doctors."
"Hostels — Admission, Facilities, Study, Menu, Health & Other Activities",Are students taught about hygiene?,"Yes, by the HWO and medical staff."
"Hostels — Admission, Facilities, Study, Menu, Health & Other Activities",What happens if a boarder falls sick or is injured?,Registered parent/guardian contacts are used for verification; first-aid is given; wardens accompany the student in emergencies and parents are contacted immediately.
"Hostels — Admission, Facilities, Study, Menu, Health & Other Activities",Are fitness facilities available?,"Yes, a gym in Government buildings."
"Hostels — Admission, Facilities, Study, Menu, Health & Other Activities",Are other activities conducted?,"Yes, sports meets."
"Hostels — Admission, Facilities, Study, Menu, Health & Other Activities",What morning activities are held?,Yoga and jogging.
"Hostels — Admission, Facilities, Study, Menu, Health & Other Activities",Is there a laundry facility?,No.
"Hostels — Admission, Facilities, Study, Menu, Health & Other Activities",Are parent meetings held?,"Yes, quarterly."
"Hostels — Admission, Facilities, Study, Menu, Health & Other Activities",What special programmes are conducted?,"Freshers' Day and Annual Day, every year."
"Hostels — Admission, Facilities, Study, Menu, Health & Other Activities",Can students play at district-level games?,Yes.
"Hostels — Admission, Facilities, Study, Menu, Health & Other Activities",Are mobile phones allowed?,No.
"Hostels — Admission, Facilities, Study, Menu, Health & Other Activities",What are the visiting hours for parents?,"Sundays, 9:00 AM to 1:00 PM."
"Hostels — Admission, Facilities, Study, Menu, Health & Other Activities",Is winter/rainy-season provision made?,"Yes — solar water heaters and sweaters with monkey caps, as per eligibility."
"Hostels — Admission, Facilities, Study, Menu, Health & Other Activities",Is outing allowed?,With parental permission.
"Hostels — Admission, Facilities, Study, Menu, Health & Other Activities",What committees exist in hostels?,"Mess, Study, Discipline and Sports Committees."
"Hostels — Admission, Facilities, Study, Menu, Health & Other Activities",What are workers' timings?,Cook & Kamati: 6–9 AM & 4–8 PM; Watchman: 6 AM–9 PM.
"Hostels — Admission, Facilities, Study, Menu, Health & Other Activities",How can students/parents raise issues?,Through an issue/complaint box.
"Hostels — Admission, Facilities, Study, Menu, Health & Other Activities",How to contact the HWO?,Contact number is displayed on the hostel board.
"Hostels — Admission, Facilities, Study, Menu, Health & Other Activities",How can parents contact a boarder?,By calling the HWO.
"Hostels — Admission, Facilities, Study, Menu, Health & Other Activities",Are parents allowed to meet their child?,Yes.
"Hostels — Admission, Facilities, Study, Menu, Health & Other Activities",Are boarders taken on tours?,"Yes, excursions are organized."
"Hostels — Admission, Facilities, Study, Menu, Health & Other Activities",What material is given to boarders?,"Plate, glass, bed, bedsheet, carpet, trunk box, school bag, 1 pair leather shoes, 3 pairs socks, 1 pair sports shoes."
"Hostels — Admission, Facilities, Study, Menu, Health & Other Activities",Who can stay in a Post-Matric Hostel?,Students from Intermediate to PG level.
"Hostels — Admission, Facilities, Study, Menu, Health & Other Activities",When are hostel holidays?,For every festival.
"Hostels — Admission, Facilities, Study, Menu, Health & Other Activities",When does the hostel open?,At the start of the academic year.
"Hostels — Admission, Facilities, Study, Menu, Health & Other Activities",How many students share a room?,"Generally 8, depending on room size."
"Hostels — Admission, Facilities, Study, Menu, Health & Other Activities",Are luggage racks available?,Yes.
"Hostels — Admission, Facilities, Study, Menu, Health & Other Activities",Is the girls' hostel safe?,"Yes — only female staff work there, and CC cameras are installed."
"Hostels — Admission, Facilities, Study, Menu, Health & Other Activities",What security measures exist for the girls' hostel?,"No unauthorized entry; HWO, Kamati and Watchman are present at all times."
"Hostels — Admission, Facilities, Study, Menu, Health & Other Activities",Are bathrooms/washrooms kept clean?,"Yes, cleaned daily."
"Hostels — Admission, Facilities, Study, Menu, Health & Other Activities",Is ragging by seniors an issue in post-matric hostels?,No — students are closely monitored by the HWO.
"Hostels — Admission, Facilities, Study, Menu, Health & Other Activities",Who is the hostel authority?,"DD / DSCDO, ASWO, HWO."
"Hostels — Admission, Facilities, Study, Menu, Health & Other Activities",What basic infrastructure is provided?,"CC cameras, RO water plants, solar water heaters, gym material, bunker beds."
Kalyana Lakshmi Scheme,What is the main objective?,"One-time financial assistance at marriage to each SC/ST/BC/EBC/Minority girl of Telangana, to ease families' financial distress."
Kalyana Lakshmi Scheme,When was it introduced?,2nd October 2014.
Kalyana Lakshmi Scheme,How much is the benefit?,"Rs. 1,00,116 (general); Rs. 1,25,145 (disabled girls)."
Kalyana Lakshmi Scheme,What is the eligibility criteria?,SC/ST/BC/EBC/Minority; resident of Telangana; girl must have completed 18 years at marriage; apply at least one month in advance; married after 02-10-2014.
Kalyana Lakshmi Scheme,What is the income limit?,"SC/ST/Minorities: Rs. 2,00,000; BC/EBC: urban Rs. 2,00,000, rural Rs. 1,50,000 (combined parental income)."
Kalyana Lakshmi Scheme,What is the age limit?,Bride above 18 years; bridegroom above 21 years.
Kalyana Lakshmi Scheme,Is it applicable for a 2nd marriage of the bride?,"Yes, provided she has not previously availed the benefit."
Kalyana Lakshmi Scheme,Are inter-caste and love marriages eligible?,"Yes, if the parents consented."
Kalyana Lakshmi Scheme,Are girls from other states eligible?,"No, only girls of Telangana."
Kalyana Lakshmi Scheme,Must the bridegroom belong to Telangana?,"No, other-state bridegrooms are also eligible."
Kalyana Lakshmi Scheme,Is a manual application form needed?,No.
Kalyana Lakshmi Scheme,Where to apply?,Online / Mee-Seva Centres.
Kalyana Lakshmi Scheme,How to apply?,https://telanganaepass.gov.in → Kalyana Lakshmi → Register.
Kalyana Lakshmi Scheme,Is there a time limit to apply?,No time limit.
Kalyana Lakshmi Scheme,What documents are required?,"Marriage certificate, age proof for both, bride's caste & income certificate, Aadhaar copies of both, bride's mother's Aadhaar & bank passbook copy."
Kalyana Lakshmi Scheme,How to get caste/income/DOB certificates?,Through Mee-Seva.
Kalyana Lakshmi Scheme,Which documents verify age?,"Aadhaar, SSC memo, Voter ID or Ration Card."
Kalyana Lakshmi Scheme,Where to submit hard copies?,Tahsildar office of the mandal to which the bride belongs.
Kalyana Lakshmi Scheme,Who scrutinizes/verifies?,Officers from the Tahsildar and RDO offices.
Kalyana Lakshmi Scheme,Who is the sanctioning authority?,Revenue Divisional Officer.
Kalyana Lakshmi Scheme,What is the sanction procedure?,"After Tahsildar scrutiny, forwarded for the concerned MLA's approval, then sanctioned by the RDO."
Kalyana Lakshmi Scheme,Where to complain?,The District Collector concerned.
Kalyana Lakshmi Scheme,Whom to contact for issues?,General: 040-23390228; Technical: 010-23120311/23120312.
Kalyana Lakshmi Scheme,How long does sanction take?,Apply at least one month before the marriage date for timely sanction.
Kalyana Lakshmi Scheme,Can the application status be tracked?,"Yes, online at https://telanganaepass.gov.in"
Kalyana Lakshmi Scheme,In whose name is the cheque issued?,The bride's mother.
Kalyana Lakshmi Scheme,What if the bride is orphan/semi-orphan?,The cheque is issued in the bride's name.
Kalyana Lakshmi Scheme,Who distributes the cheques?,The concerned MLA.
Kalyana Lakshmi Scheme,What is the difference from Shaadi Mubarak?,Kalyana Lakshmi is for Hindus of any caste; Shaadi Mubarak is for Muslim/Minority candidates.
Inter-Caste Marriage Incentive Scheme,What is the objective?,"An incentive to inter-caste married couples, promoting social integration."
Inter-Caste Marriage Incentive Scheme,What is the eligibility criteria?,One spouse must belong to the SC community.
Inter-Caste Marriage Incentive Scheme,What is the income limit?,None.
Inter-Caste Marriage Incentive Scheme,What is the age limit?,Bride above 18; bridegroom above 21.
Inter-Caste Marriage Incentive Scheme,What is the time limit to apply?,Within 1 year of marriage.
Inter-Caste Marriage Incentive Scheme,Is the scheme applicable to inter sub-castes of SCs?,No.
Inter-Caste Marriage Incentive Scheme,Is a second inter-caste marriage eligible?,No.
Inter-Caste Marriage Incentive Scheme,Is there an income ceiling?,No.
Inter-Caste Marriage Incentive Scheme,Is an education qualification mandatory?,No.
Inter-Caste Marriage Incentive Scheme,What is the benefit amount?,"Rs. 2,50,000."
Inter-Caste Marriage Incentive Scheme,Are minors eligible?,No.
Inter-Caste Marriage Incentive Scheme,Where to apply?,Online / Mee-Seva.
Inter-Caste Marriage Incentive Scheme,How to apply?,http://telanganaepass.cgg.gov.in → Inter Caste Marriage Incentive Award → Register.
Inter-Caste Marriage Incentive Scheme,Is there a registration fee?,No.
Inter-Caste Marriage Incentive Scheme,What documents are required?,"Hindu Marriage Registration Certificate, caste & nativity certificate (Mee-Seva), joint marriage photo, SSC marks memo (if studied), 1st marriage certificate, age proof, joint bank account copy (bride's name first), Aadhaar copies."
Inter-Caste Marriage Incentive Scheme,Who is the sanctioning authority?,Deputy Director / DSCDO (SCDD) of the concerned district.
Inter-Caste Marriage Incentive Scheme,Who verifies eligibility?,The concerned ASWO verifies social status and marriage registration.
Inter-Caste Marriage Incentive Scheme,Is the couple's presence mandatory for enquiry?,Yes.
Inter-Caste Marriage Incentive Scheme,What is the sanction procedure?,Printout submitted with documents to DD/DSCDO; sent to ASWO for verification; sanction accorded on ASWO's recommendation; bill sent to Treasury; amount transferred to the couple's joint account as a Fixed Deposit with a 3-year lock-in; FD copy communicated to the couple.
Inter-Caste Marriage Incentive Scheme,Who to approach for complaints?,The District Officer.
Inter-Caste Marriage Incentive Scheme,How to check application status?,http://telanganaepass.cgg.gov.in → Inter Caste Marriage Incentive Award → View Status.
Inter-Caste Marriage Incentive Scheme,Is a joint bank account required?,Yes.
Inter-Caste Marriage Incentive Scheme,Is any special protection assured to ICM couples?,No.
Inter-Caste Marriage Incentive Scheme,How is the amount given?,"As a Fixed Deposit with a 3-year lock-in, released by cheque on maturity."
Inter-Caste Marriage Incentive Scheme,Are there additional benefits?,None currently; Kalyana Lakshmi is separately available if the bride is an SC girl per its own guidelines.
Inter-Caste Marriage Incentive Scheme,Are ICM couples eligible for Kalyana Lakshmi?,"Yes, if parents consented, since KL is credited to the bride's mother."
Inter-Caste Marriage Incentive Scheme,Is there inter-state cross-verification?,No.
Inter-Caste Marriage Incentive Scheme,Are couples married in the past 5 years eligible for a fresh award?,"No, not eligible again."
Inter-Caste Marriage Incentive Scheme,Can a couple avail both ICM and the Ambedkar Foundation scheme?,"No, only one of the schemes."
Inter-Caste Marriage Incentive Scheme,Can the FD amount be withdrawn during the lock-in period?,No.
Inter-Caste Marriage Incentive Scheme,How is premature withdrawal prevented?,Strict instructions to bank officials by the DSCDO with frequent reminders.
Inter-Caste Marriage Incentive Scheme,Are inter-state marriage couples eligible?,The SC person must belong to Telangana.
Inter-Caste Marriage Incentive Scheme,What is the time limit for releasing the ICM amount?,No fixed limit; subject to budget availability.
Inter-Caste Marriage Incentive Scheme,What if documents cannot be traced during verification?,The ICM amount is not sanctioned.
Inter-Caste Marriage Incentive Scheme,Is there any reservation in education/jobs for ICM couples?,No.
Inter-Caste Marriage Incentive Scheme,What happens if a false claim is found after FD withdrawal?,A criminal case is booked and legal action taken.
Inter-Caste Marriage Incentive Scheme,Is education qualification mandatory?,No.
Inter-Caste Marriage Incentive Scheme,Is parental consent required?,No.
Inter-Caste Marriage Incentive Scheme,Is the award applicable to migrants from other states?,No.
Inter-Caste Marriage Incentive Scheme,What original documents are required for sanction?,"Caste, residence, income, and age-proof documents as required by the verifier."
Inter-Caste Marriage Incentive Scheme,What is the FD amount meant to be used for?,Education/livelihood of their children.
Inter-Caste Marriage Incentive Scheme,Which caste applies to ICM offspring?,Whichever the family prefers.
Inter-Caste Marriage Incentive Scheme,Are ICM couples' children eligible for all Government benefits?,Yes.
Inter-Caste Marriage Incentive Scheme,What happens to the FD if the couple divorces during the lock-in period?,The FD is cancelled and the amount remitted to the district account.
Inter-Caste Marriage Incentive Scheme,Can ICM be availed via other welfare departments?,"Yes, but only under one of the Bride's or Bridegroom's caste welfare departments."
Atrocities — PCR Act & SC/ST (Prevention of Atrocities) Act,Who registers the FIR?,"The Station House Officer (SHO) — Head Constable, ASI, SI or Inspector, depending on staff availability."
Atrocities — PCR Act & SC/ST (Prevention of Atrocities) Act,Who investigates PoA Act cases?,"A Dy.S.P.-rank officer (SDPO/ACP or above), appointed by the SP (district) or Commissioner (commissionerates)."
Atrocities — PCR Act & SC/ST (Prevention of Atrocities) Act,Can an FIR be withdrawn?,"No, once registered it can only be disposed of per the CrPC."
Atrocities — PCR Act & SC/ST (Prevention of Atrocities) Act,How long should investigation take?,Normally 60 days as per the Act.
Atrocities — PCR Act & SC/ST (Prevention of Atrocities) Act,What is the Police's role?,SHO registers the FIR; the Dy.S.P.-rank officer investigates and files the charge sheet.
Atrocities — PCR Act & SC/ST (Prevention of Atrocities) Act,Who issues a legal-heir/caste certificate?,"The MRO, or the Court in case of dispute."
Atrocities — PCR Act & SC/ST (Prevention of Atrocities) Act,Within what time must an arrested accused be produced in court?,Within 24 hours.
Atrocities — PCR Act & SC/ST (Prevention of Atrocities) Act,What is the punishment for a false atrocity case?,Punishable under IPC Section 182.
Atrocities — PCR Act & SC/ST (Prevention of Atrocities) Act,Which court tries SC/ST cases?,Special and Exclusive Special Courts.
Atrocities — PCR Act & SC/ST (Prevention of Atrocities) Act,Who conducts the trial?,"A notified Exclusive Special Public Prosecutor, or an advocate of 7+ years' practice appointed as such."
Atrocities — PCR Act & SC/ST (Prevention of Atrocities) Act,What if the accused dies?,The criminal proceedings abate.
Atrocities — PCR Act & SC/ST (Prevention of Atrocities) Act,Which court tries PCR Act cases?,A Judicial Magistrate (First Class) or Metropolitan Magistrate.
Atrocities — PCR Act & SC/ST (Prevention of Atrocities) Act,Who argues the victim's case?,The Public Prosecutor.
Atrocities — PCR Act & SC/ST (Prevention of Atrocities) Act,Who argues for the accused?,A defence lawyer.
Atrocities — PCR Act & SC/ST (Prevention of Atrocities) Act,What relief is paid in murder/rape/gang-rape cases?,"Murder: Rs. 8,25,000 (50% at FIR+PME, 50% after charge sheet). Rape: Rs. 5,00,000 (50/25/25% across FIR, charge sheet, conclusion). Gang Rape: Rs. 8,25,000 (50/25/25%)."
Atrocities — PCR Act & SC/ST (Prevention of Atrocities) Act,"What additional relief applies in murder, rape, and permanent incapacitation cases?","Basic pension of Rs. 5,000/month to dependents plus DA and employment to one family member, land/house if needed; full education cost up to graduation for victims' children; 3 months' provisions (rice, wheat, dal, etc.)."
Atrocities — PCR Act & SC/ST (Prevention of Atrocities) Act,What is the relief for acid-burning cases?,"Above 30% burning: Rs. 8,25,000 (50/50%). 10–30%: Rs. 4,50,000 (50/50%). Below 10%: Rs. 85,000 (50/50%). Other categories: 25/50/25% across FIR, charge sheet, conclusion."
Atrocities — PCR Act & SC/ST (Prevention of Atrocities) Act,What relief applies for assault/criminal force to outrage modesty (Sec. 354 IPC)?,"Rs. 2,00,000 (25% at FIR, 50% at charge sheet, 25% at conviction)."
Atrocities — PCR Act & SC/ST (Prevention of Atrocities) Act,What relief applies for insulting a woman's modesty (Sec. 509 IPC)?,"Rs. 2,00,000, in the same 25/50/25% stages."
Atrocities — PCR Act & SC/ST (Prevention of Atrocities) Act,Who is the competent authority for relief payment?,The District Collector / District Magistrate.
Atrocities — PCR Act & SC/ST (Prevention of Atrocities) Act,What documents does the Police submit for relief sanction?,"FIR copy (stage 1), Charge Sheet copy (stage 2), Conviction details (stage 3)."
Atrocities — PCR Act & SC/ST (Prevention of Atrocities) Act,What documents are submitted for payment at the Collector's office?,"Legal heir certificate, Aadhaar, bank details, caste certificate."
Atrocities — PCR Act & SC/ST (Prevention of Atrocities) Act,What is the role of the State Level Vigilance and Monitoring Committee?,"Meets at least twice a year to review Act implementation, relief/rehabilitation and prosecution progress."
Atrocities — PCR Act & SC/ST (Prevention of Atrocities) Act,What about the District Level Vigilance and Monitoring Committee?,"Meets quarterly; comprises the District Collector (Chairman), SP, Joint Collector, PO ITDA/DTWO, Dy. Director (SW), and representatives of organizations/caste associations."
Atrocities — PCR Act & SC/ST (Prevention of Atrocities) Act,When is 'Civil Rights Day' observed?,30th of every month.
Atrocities — PCR Act & SC/ST (Prevention of Atrocities) Act,What are parameters for identifying atrocity-prone areas?,"History of untouchability, communal tension, land/water/graveyard disputes, upper-caste torture of SCs/STs, superstition-related targeting, bonded labour/forced scavenging, statue insults, eve-teasing, procession disputes, multiple recent offences, or other local factors."
Atrocities — PCR Act & SC/ST (Prevention of Atrocities) Act,What is the SC & ST (PoA) Act?,Enacted in 1989 to prevent atrocities against SCs and STs.
Atrocities — PCR Act & SC/ST (Prevention of Atrocities) Act,What is the Act's aim?,To protect SC/ST rights from violence/atrocities.
Atrocities — PCR Act & SC/ST (Prevention of Atrocities) Act,What is meant by 'atrocity'?,"Defined in Sec. 2(1)(a) — includes derogatory insults, intimidation, deprivation of social/property rights, etc., against SC/ST members."
Atrocities — PCR Act & SC/ST (Prevention of Atrocities) Act,When was the Act amended?,Enacted 11-09-1989; amended 03-08-2016.
Atrocities — PCR Act & SC/ST (Prevention of Atrocities) Act,Are PoA Act offences cognizable?,Yes.
Atrocities — PCR Act & SC/ST (Prevention of Atrocities) Act,Can a PoA Act case be withdrawn?,The Supreme Court/High Court has power to quash criminal cases.
Atrocities — PCR Act & SC/ST (Prevention of Atrocities) Act,What is the maximum punishment?,"Ranges from 6 months to life imprisonment or death, depending on the specific clause under Sec. 3."
Atrocities — PCR Act & SC/ST (Prevention of Atrocities) Act,What if police refuse to register a complaint?,"Approach the SP, or the court under Sec. 156(3) CrPC."
Atrocities — PCR Act & SC/ST (Prevention of Atrocities) Act,What is the difference between the PCR Act and the PoA Act?,PCR Act covers untouchability (no relief paid; punishment 1–6 months + fine Rs.100–500). PoA Act covers atrocities against SC/ST with monetary relief and punishment of 6 months to 5 years (or more) + fine.
Atrocities — PCR Act & SC/ST (Prevention of Atrocities) Act,What is the punishment for imposing religious disability under the PCR Act?,Imprisonment for a term not less than two years.
Atrocities — PCR Act & SC/ST (Prevention of Atrocities) Act,What is the punishment for a public servant neglecting PoA Act duties?,"Imprisonment of 6 months to 1 year, or fine."
Atrocities — PCR Act & SC/ST (Prevention of Atrocities) Act,Is the SC/ST (PoA) Act compoundable?,No.
Atrocities — PCR Act & SC/ST (Prevention of Atrocities) Act,Is the PCR Act cognizable?,Yes.
Atrocities — PCR Act & SC/ST (Prevention of Atrocities) Act,What rights does an accused have?,"Fair trial, bail, legal counsel/free legal aid, and presumption of innocence until proven guilty."
Atrocities — PCR Act & SC/ST (Prevention of Atrocities) Act,What constitutional provision addresses untouchability?,Article 17 abolishes untouchability in any form.
Atrocities — PCR Act & SC/ST (Prevention of Atrocities) Act,What is the difference between civil rights and human rights?,"Civil rights are granted by government; human rights are inherent to all persons regardless of race, sex, religion, etc."
Atrocities — PCR Act & SC/ST (Prevention of Atrocities) Act,What constitutional articles relate to civil rights?,"Article 14 (equality before law), 15 (social equality/access), 16 (equality in public employment), 17 (abolishes untouchability), 19 (abolition of titles)."
Atrocities — PCR Act & SC/ST (Prevention of Atrocities) Act,What is the minimum punishment under the PCR Act?,1 to 6 months' imprisonment and a fine of Rs. 100–500.
Atrocities — PCR Act & SC/ST (Prevention of Atrocities) Act,What is the punishment for repeat PCR Act offences?,"2nd offence: 6 months–1 year + fine Rs. 200–500. 3rd or subsequent offence: 1–2 years + fine Rs. 500–1,000."
Atrocities — PCR Act & SC/ST (Prevention of Atrocities) Act,What untouchability practices does the PCR Act prohibit?,"Denying entry to places of worship (Sec. 3); denying access to shops, restaurants, water sources, roads, public places, charitable trusts, public conveyances, housing, customs (Sec. 4); denying admission to hospitals/schools/hostels (Sec. 5); refusing to sell goods/render services (Sec. 6); inciting or practising untouchability, or insulting an SC member (Sec. 7)."
Atrocities — PCR Act & SC/ST (Prevention of Atrocities) Act,What are the five basic civil rights?,"Right to vote, fair trial, government service, public education, and use of public facilities."
Atrocities — PCR Act & SC/ST (Prevention of Atrocities) Act,What four categories does the Civil Rights Act 1964 protect?,"Race, colour, religion, and sex/national origin."
Atrocities — PCR Act & SC/ST (Prevention of Atrocities) Act,Can a likely repeat offender be externed from the area?,"Yes, under Sec. 10 of the PoA Act, the Special Court may order removal from the area."
Atrocities — PCR Act & SC/ST (Prevention of Atrocities) Act,What are the penal provisions under the amended SC/ST (PoA) Act (Sec. 3)?,"Covers a wide range of acts — forcing consumption of obnoxious substances, dumping excreta near premises, garlanding with footwear/parading naked, forced tonsuring, wrongful land occupation/dispossession, forced/bonded labour, forced scavenging, devadasi dedication, election-related intimidation, obstruction of elected representatives, false litigation, public insult/intimidation by caste name, destruction of sacred objects, promoting caste enmity, sexual acts without consent, denial of customary access, forced displacement, social/economic boycott, and witchcraft-related harm. Punishment: 6 months to 5 years with fine (higher for specific sub-clauses, up to life imprisonment or death)."
Telangana SC Study Circle,What is the eligibility for coaching at TSSC Study Circle?,Telangana resident; graduate; SC/ST/BC/Minority; income below Rs. 3 lakhs; within UPSC age limits.
Telangana SC Study Circle,How are students admitted?,Through an entrance test.
Telangana SC Study Circle,What is the income limit?,Below Rs. 3.00 lakhs per annum.
Telangana SC Study Circle,How to apply?,Online.
Telangana SC Study Circle,Where to get the application form?,www.tsstudycircle.co.in
Telangana SC Study Circle,How to apply for the entrance test?,"Online, as per issued notifications."
Telangana SC Study Circle,How many levels of entrance test?,"One or two, decided before each notification."
Telangana SC Study Circle,Web portal?,www.tsstudycircle.co.in
Telangana SC Study Circle,To whom to apply?,"Director, TSSC Study Circle, Hyderabad."
Telangana SC Study Circle,Where to apply?,Through the website.
Telangana SC Study Circle,Is reservation applicable?,"Yes — SC, ST, BC and Minority."
Telangana SC Study Circle,What is the reservation percentage?,"SC 75%, ST 10%, BC 15%, PWD 5%, Minority 4%; 1/3rd seats for women in all categories."
Telangana SC Study Circle,What is the fresher intake?,200 students.
Telangana SC Study Circle,Sanctioning authority?,"Director, TSSC Study Circle, Hyderabad."
Telangana SC Study Circle,Grievance redressal?,"Honorary Director/DSCDO of the district branch, or the Director, TSSC Study Circle, Hyderabad."
Telangana SC Study Circle,Follow-up after sanction?,Online/web navigation for budget tracking.
Telangana SC Study Circle,What procedure applies for repeaters?,Only through the entrance test.
Telangana SC Study Circle,What is the basis of selection?,"Merit, based on entrance test marks."
Telangana SC Study Circle,Is prelims coaching online or offline?,Offline.
Telangana SC Study Circle,What is the class schedule for prelims?,"9–11 AM, 11:15 AM–1:15 PM, 4:30–6:30 PM."
Telangana SC Study Circle,Is the faculty regular or on honorarium?,Honorarium basis.
Telangana SC Study Circle,What facilities are provided?,"Accommodation & food, classes, tests, book fund, Xerox material, personal allowance."
Telangana SC Study Circle,Is entrance-test-free admission possible?,No.
Telangana SC Study Circle,Can a student attend without residing at the institute?,No.
Telangana SC Study Circle,What is the prelims coaching duration?,9–10 months.
Telangana SC Study Circle,Is prelims coaching residential?,Yes.
Telangana SC Study Circle,How is faculty selected?,Reputed faculty on honorarium basis.
Telangana SC Study Circle,How many mock tests are conducted for prelims?,40.
Telangana SC Study Circle,What is the Mains intake?,30 students.
Telangana SC Study Circle,What is the Mains selection criteria?,Clearing the CSAT exam.
Telangana SC Study Circle,What facilities are given for Mains students?,"Accommodation & food, classes, tests, book fund, Xerox material, test series, personal allowance and scholarship incentive."
Telangana SC Study Circle,What is the Mains class schedule?,As per faculty/student convenience.
Telangana SC Study Circle,Is mess provided for Mains students?,Yes.
Telangana SC Study Circle,What is the Mains coaching duration?,3–4 months.
Telangana SC Study Circle,Is coaching given to those who qualified independently?,"Yes, only to SC/ST/BC/Minority candidates with income below Rs. 3 lakhs, from Telangana."
Telangana SC Study Circle,How are books procured?,Through tender.
Telangana SC Study Circle,What is the selection criteria for viva coaching?,Must have passed the UPSC Mains exam.
Telangana SC Study Circle,What is the viva coaching duration?,"1–2 months, or till the interview."
Telangana SC Study Circle,What facilities are given for viva students?,"Viva guidance, mock interviews, accommodation and food in Delhi."
Telangana SC Study Circle,What facilities are given during actual interviews?,"Pocket money and accommodation at Telangana Bhavan, New Delhi."
Telangana SC Study Circle,What is the expenditure per candidate per year?,Rs. 2.18 lakhs.
Telangana SC Study Circle,Is any other coaching provided?,"Yes — foundation coaching for TSPSC, RRB, Banking, and SSC exams at district branches."
Telangana SC Study Circle,How many district branches exist?,11.
Telangana SC Study Circle,What is the intake per district branch batch?,100.
Telangana SC Study Circle,How are district-branch students selected?,Through an entrance test.
Telangana SC Study Circle,What is the admission basis at district branches?,"Merit, based on the entrance test."
Telangana SC Study Circle,What facilities are given at district branches?,"Food, accommodation, books, classes, personal allowance."
Telangana SC Study Circle,Can a candidate get a second chance?,"Yes — 25% of seats reserved on merit for repeat candidates, following reservation norms."
